dataset	criterion	w0.0	w0.2	w0.3	w0.4	w0.5	w0.6	w0.7	w0.8	w1.0	w1.25	w1.5	w2.0
M1	dino_knn	0.592837	0.593437	0.592414	0.594919	0.594672	0.593931	0.592625	0.593190	0.592167	0.595413	0.595095	0.593719
M1	dino_sep	0.326819	0.327068	0.328137	0.328283	0.333451	0.331726	0.331165	0.329924	0.324172	0.327460	0.325529	0.322438
M1	dino_sil	0.201601	0.202017	0.202298	0.202214	0.205246	0.204578	0.204933	0.205874	0.204912	0.206289	0.205647	0.206028
M1	peg_knn	0.742766	0.742978	0.741602	0.742061	0.738144	0.737756	0.734827	0.736027	0.732428	0.734051	0.732816	0.730628
M1	peg_sep	0.174468	0.174218	0.174100	0.173458	0.174562	0.174103	0.173690	0.173829	0.171221	0.172413	0.172142	0.170510
M1	proj_knn	0.805963	0.806881	0.805293	0.804199	0.802576	0.802682	0.802999	0.804411	0.804587	0.801306	0.799577	0.795448
M1	proj_sep	0.374661	0.373645	0.374361	0.373376	0.375363	0.375048	0.374500	0.374384	0.373177	0.372222	0.371259	0.369539
M2	dino_knn	0.606326	0.607742	0.605018	0.607455	0.609642	0.611738	0.613978	0.615108	0.621505	0.621452	0.622097	0.620251
M2	dino_sep	0.298989	0.302610	0.302547	0.300777	0.302743	0.302634	0.301732	0.305915	0.304027	0.301899	0.302142	0.302667
M2	dino_sil	0.096246	0.092058	0.095705	0.097726	0.100155	0.101326	0.105303	0.104500	0.111831	0.111189	0.109817	0.109485
M2	peg_knn	0.726882	0.725573	0.723297	0.721631	0.721057	0.720179	0.720412	0.719229	0.716523	0.715161	0.713943	0.712832
M2	peg_sep	0.171397	0.171531	0.171907	0.168621	0.168369	0.168475	0.166766	0.167111	0.163197	0.161532	0.160239	0.160802
M2	proj_knn	0.861039	0.862616	0.862079	0.866039	0.869194	0.871380	0.873047	0.872330	0.880287	0.879050	0.879373	0.879337
M2	proj_sep	0.440394	0.439663	0.439658	0.438379	0.438695	0.438528	0.438129	0.439116	0.439090	0.438332	0.439489	0.440163
M3	dino_knn	0.734336	0.738289	0.736114	0.737034	0.736089	0.735293	0.737121	0.736238	0.736425	0.737432	0.733851	0.731315
M3	dino_sep	0.319757	0.316299	0.318038	0.317374	0.319107	0.319373	0.318722	0.319685	0.318226	0.316612	0.315831	0.316682
M3	dino_sil	0.159825	0.161626	0.156150	0.156505	0.154896	0.159358	0.158324	0.157537	0.157840	0.157252	0.154834	0.154655
M3	peg_knn	0.813463	0.815291	0.813016	0.812693	0.810803	0.809547	0.811101	0.809423	0.807907	0.807384	0.802287	0.798048
M3	peg_sep	0.186545	0.184889	0.185979	0.185477	0.186056	0.186040	0.185470	0.185869	0.185004	0.184477	0.184071	0.184668
M3	proj_knn	0.901193	0.904500	0.903966	0.904612	0.904401	0.902735	0.903742	0.902151	0.900385	0.901243	0.898633	0.894518
M3	proj_sep	0.416583	0.414543	0.415213	0.414113	0.414998	0.415676	0.415461	0.415739	0.413820	0.414506	0.412992	0.414245
M4	dino_knn	0.441271	0.441949	0.443644	0.445000	0.446102	0.443475	0.435847	0.436356	0.431780	0.431271	0.433559	0.428136
M4	dino_sep	0.334300	0.334521	0.334830	0.334302	0.332496	0.335329	0.325581	0.331413	0.325869	0.328510	0.326756	0.330427
M4	dino_sil	0.194968	0.190330	0.190080	0.189491	0.185878	0.188227	0.179886	0.181047	0.178309	0.182797	0.182565	0.183152
M4	peg_knn	0.527881	0.529661	0.531102	0.527034	0.528136	0.522119	0.513475	0.510339	0.505932	0.502288	0.501949	0.491441
M4	peg_sep	0.198844	0.198931	0.198974	0.197735	0.196721	0.196184	0.193737	0.193902	0.190920	0.191118	0.189270	0.190401
M4	proj_knn	0.614322	0.614576	0.616186	0.619831	0.622288	0.620085	0.617119	0.617966	0.614915	0.614068	0.614068	0.600763
M4	proj_sep	0.416340	0.416370	0.416664	0.417017	0.416947	0.417138	0.419320	0.419032	0.419546	0.418623	0.417626	0.420366
M5	dino_knn	0.622807	0.622807	0.622992	0.622992	0.622715	0.622438	0.620129	0.619945	0.620683	0.620222	0.612835	0.611173
M5	dino_sep	0.317996	0.317996	0.318260	0.318260	0.317847	0.317172	0.318490	0.317963	0.318251	0.318835	0.316004	0.315684
M5	dino_sil	0.185192	0.185192	0.185224	0.185224	0.184596	0.184453	0.186700	0.186695	0.186897	0.187652	0.178831	0.176288
M5	peg_knn	0.774331	0.774331	0.774146	0.774146	0.773961	0.774515	0.772946	0.772853	0.770452	0.767682	0.760388	0.757895
M5	peg_sep	0.239406	0.239406	0.239443	0.239443	0.239295	0.239172	0.240286	0.239986	0.238674	0.238791	0.237827	0.237040
M5	proj_knn	0.836750	0.836750	0.838135	0.838135	0.836565	0.835734	0.831948	0.832041	0.834349	0.830379	0.823453	0.818467
M5	proj_sep	0.461986	0.461986	0.462130	0.462130	0.462105	0.461902	0.462035	0.461723	0.461449	0.461704	0.463109	0.462272
M6	dino_knn	0.721292	0.721915	0.722129	0.719618	0.719725	0.720240	0.722580	0.724834	0.723889	0.724791	0.722687	0.723653
M6	dino_sep	0.247533	0.246536	0.248055	0.248533	0.248330	0.247622	0.247859	0.251263	0.250701	0.246578	0.246613	0.246242
M6	dino_sil	0.137737	0.138220	0.138238	0.136641	0.138066	0.137091	0.144416	0.146946	0.146195	0.145879	0.143374	0.144549
M6	peg_knn	0.858940	0.860893	0.856300	0.852522	0.853166	0.852973	0.855033	0.853874	0.849946	0.850440	0.849753	0.848358
M6	peg_sep	0.181520	0.180937	0.181265	0.182360	0.182806	0.182600	0.181941	0.182711	0.182433	0.181026	0.180932	0.180942
M6	proj_knn	0.924769	0.925628	0.928890	0.928826	0.929448	0.929384	0.931981	0.929835	0.931766	0.930135	0.930736	0.930736
M6	proj_sep	0.444982	0.443396	0.446239	0.447237	0.445735	0.445505	0.444784	0.446238	0.447860	0.443140	0.442522	0.444632
M7	dino_knn	0.735668	0.736307	0.737028	0.739655	0.732131	0.733976	0.732426	0.734426	0.735088	0.737099	0.734094	0.732545
M7	dino_sep	0.258202	0.241146	0.242393	0.260664	0.260903	0.260398	0.259065	0.260357	0.256221	0.255117	0.256707	0.257177
M7	dino_sil	0.057002	0.046556	0.043116	0.061579	0.060503	0.056553	0.055474	0.060818	0.063019	0.056669	0.050360	0.046255
M7	peg_knn	0.891825	0.890702	0.890015	0.890193	0.884562	0.883651	0.882823	0.885260	0.881356	0.879285	0.877771	0.874896
M7	peg_sep	0.176279	0.172418	0.172385	0.175228	0.174601	0.174259	0.174026	0.174150	0.171903	0.170560	0.172381	0.171397
M7	proj_knn	0.938933	0.938980	0.939524	0.939181	0.936993	0.936969	0.936177	0.936212	0.936177	0.934923	0.934816	0.930593
M7	proj_sep	0.388434	0.386734	0.386287	0.389575	0.389490	0.389184	0.388860	0.389015	0.387117	0.387808	0.388922	0.387502
M8	dino_knn	0.764712	0.764535	0.764508	0.762821	0.762794	0.762658	0.763175	0.759652	0.761896	0.760767	0.759135	0.758387
M8	dino_sep	0.231041	0.229858	0.230710	0.231206	0.230463	0.229242	0.229838	0.227287	0.229075	0.228705	0.227620	0.226523
M8	dino_sil	0.133120	0.134241	0.132412	0.132072	0.131458	0.131701	0.132016	0.129428	0.131484	0.132170	0.129672	0.130447
M8	peg_knn	0.899728	0.899728	0.899823	0.897674	0.897633	0.897551	0.897116	0.896477	0.897579	0.895130	0.893974	0.894042
M8	peg_sep	0.160984	0.160459	0.160994	0.160563	0.159993	0.158889	0.158704	0.158363	0.158214	0.158142	0.157950	0.157784
M8	proj_knn	0.952251	0.952333	0.952687	0.951680	0.951925	0.952374	0.951979	0.951299	0.953476	0.951952	0.951326	0.951993
M8	proj_sep	0.428416	0.427565	0.428049	0.427847	0.426868	0.426189	0.426835	0.426118	0.426034	0.425732	0.425244	0.425210
M9	dino_knn	0.732909	0.732550	0.733068	0.733506	0.735417	0.735537	0.734919	0.731415	0.729305	0.728230	0.725801	0.725781
M9	dino_sep	0.321231	0.321549	0.321527	0.322099	0.322219	0.323105	0.324892	0.323442	0.326098	0.325866	0.324547	0.325170
M9	dino_sil	0.173469	0.173592	0.175600	0.176562	0.178481	0.180091	0.184824	0.185426	0.185501	0.184755	0.184512	0.185897
M9	peg_knn	0.834979	0.835258	0.833944	0.834860	0.834083	0.834103	0.834123	0.832331	0.830440	0.828011	0.824109	0.818634
M9	peg_sep	0.213096	0.213431	0.213333	0.213632	0.213764	0.213557	0.213729	0.213297	0.213861	0.214000	0.213113	0.212285
M9	proj_knn	0.873661	0.874577	0.874338	0.874637	0.874756	0.875771	0.875871	0.873741	0.873641	0.872387	0.869958	0.867251
M9	proj_sep	0.487593	0.487823	0.488002	0.488536	0.488081	0.488284	0.487883	0.487778	0.487902	0.488266	0.488213	0.487409
M10	dino_knn	0.768873	0.768592	0.768592	0.769415	0.769770	0.768891	0.768817	0.767171	0.767433	0.765657	0.765470	0.761806
M10	dino_sep	0.205402	0.205121	0.207392	0.205236	0.206246	0.209375	0.208361	0.207437	0.206839	0.208182	0.207742	0.208911
M10	dino_sil	0.118565	0.119406	0.119578	0.119475	0.119755	0.119903	0.119227	0.117798	0.117509	0.115597	0.114828	0.109964
M10	peg_knn	0.958478	0.958329	0.958646	0.958385	0.959544	0.957843	0.958553	0.956328	0.952758	0.951225	0.951112	0.945018
M10	peg_sep	0.145221	0.145284	0.145482	0.145296	0.145703	0.146162	0.146521	0.146099	0.145855	0.146302	0.145724	0.145619
M10	proj_knn	0.979192	0.979099	0.979211	0.979398	0.979753	0.978575	0.978557	0.977211	0.974463	0.973902	0.973864	0.969004
M10	proj_sep	0.401319	0.401499	0.402218	0.401813	0.402217	0.403141	0.402916	0.402405	0.400839	0.402900	0.401025	0.400492
M11	dino_knn	0.733881	0.732701	0.731479	0.734724	0.733586	0.736536	0.736030	0.737463	0.732701	0.731943	0.730299	0.725874
M11	dino_sep	0.229413	0.232432	0.232810	0.231249	0.230942	0.228706	0.228548	0.229208	0.232518	0.229355	0.229583	0.230240
M11	dino_sil	0.156998	0.158125	0.157734	0.161858	0.167654	0.166786	0.164612	0.164606	0.164543	0.162642	0.163069	0.160406
M11	peg_knn	0.905942	0.903877	0.901306	0.905689	0.903456	0.908681	0.908175	0.908807	0.901728	0.900632	0.899663	0.895786
M11	peg_sep	0.183035	0.184592	0.184744	0.183949	0.184214	0.183900	0.183526	0.183129	0.183860	0.183297	0.183469	0.183883
M11	proj_knn	0.942394	0.942646	0.941930	0.941214	0.941719	0.943152	0.942183	0.942604	0.939823	0.938980	0.937295	0.931563
M11	proj_sep	0.404368	0.404516	0.405749	0.404024	0.405388	0.403149	0.403445	0.402985	0.404464	0.404736	0.404556	0.404277
M12	dino_knn	0.580811	0.580759	0.580605	0.580452	0.584094	0.583735	0.571575	0.574346	0.573781	0.566085	0.563571	0.563674
M12	dino_sep	0.228118	0.230011	0.228618	0.229873	0.228747	0.229482	0.229528	0.230006	0.227560	0.231291	0.231522	0.230599
M12	dino_sil	0.101001	0.098982	0.101265	0.104013	0.105642	0.102182	0.096577	0.097128	0.093858	0.091525	0.092570	0.093692
M12	peg_knn	0.744536	0.743202	0.743356	0.740995	0.741457	0.740944	0.723704	0.734684	0.725705	0.717086	0.711185	0.714982
M12	peg_sep	0.164931	0.165949	0.165406	0.165877	0.165454	0.165840	0.164528	0.165046	0.163150	0.164115	0.164314	0.164144
M12	proj_knn	0.824474	0.822781	0.821036	0.818368	0.821755	0.820113	0.812263	0.815033	0.814879	0.803592	0.798512	0.804515
M12	proj_sep	0.446351	0.447758	0.447228	0.447435	0.446397	0.446577	0.445778	0.445963	0.445520	0.446873	0.445151	0.445220
M13	dino_knn	0.496923	0.496995	0.497531	0.497030	0.499785	0.499714	0.498676	0.496959	0.497710	0.498140	0.497174	0.495170
M13	dino_sep	0.315630	0.315630	0.316304	0.316774	0.320957	0.315913	0.315288	0.314163	0.315101	0.316601	0.314533	0.318188
M13	dino_sil	0.171858	0.172665	0.169546	0.172729	0.173192	0.171051	0.170947	0.169390	0.171625	0.175759	0.173861	0.170933
M13	peg_knn	0.671163	0.670984	0.670268	0.669553	0.670698	0.671592	0.668265	0.667299	0.657961	0.657639	0.655707	0.650018
M13	peg_sep	0.181747	0.181747	0.181874	0.181840	0.182864	0.181066	0.179997	0.179035	0.178392	0.178306	0.175900	0.177254
M13	proj_knn	0.746726	0.746512	0.745224	0.744186	0.743256	0.743077	0.740859	0.741538	0.739249	0.736351	0.731771	0.726798
M13	proj_sep	0.372722	0.372722	0.372875	0.373080	0.373951	0.372664	0.371823	0.372138	0.373088	0.372751	0.371047	0.372611
M16	dino_knn	0.296048	0.295609	0.295829	0.297805	0.297805	0.297366	0.297036	0.297146	0.295939	0.296268	0.294841	0.292975
M16	dino_sep	0.331338	0.336411	0.336173	0.331871	0.331568	0.332894	0.332935	0.333514	0.334753	0.335583	0.330268	0.330546
M16	dino_sil	0.147173	0.151990	0.149782	0.143436	0.140811	0.139615	0.137838	0.141030	0.140261	0.147088	0.142563	0.141282
M16	peg_knn	0.414599	0.415807	0.416356	0.416795	0.417783	0.416685	0.415807	0.415917	0.410977	0.409989	0.406147	0.404391
M16	peg_sep	0.193686	0.195090	0.194952	0.193360	0.193176	0.193189	0.192918	0.193077	0.193547	0.192948	0.191425	0.191053
M16	proj_knn	0.481120	0.476290	0.477278	0.482986	0.483315	0.481888	0.482876	0.481449	0.477497	0.475960	0.477168	0.473326
M16	proj_sep	0.460578	0.460452	0.460100	0.460797	0.460410	0.461800	0.461440	0.460794	0.462831	0.462719	0.461897	0.460470
M17	dino_knn	0.256238	0.259404	0.259404	0.259590	0.260708	0.260521	0.260335	0.268343	0.272439	0.266480	0.266294	0.265363
M17	dino_sep	0.217837	0.218677	0.217282	0.218012	0.219376	0.219296	0.220456	0.222950	0.220022	0.221469	0.221113	0.221136
M17	dino_sil	0.066190	0.068502	0.065523	0.067972	0.060172	0.059147	0.061127	0.069327	0.064563	0.061619	0.060412	0.063255
M17	peg_knn	0.364991	0.365922	0.368529	0.367412	0.363501	0.363128	0.359963	0.355680	0.360708	0.350279	0.351024	0.349348
M17	peg_sep	0.144822	0.145363	0.145013	0.144988	0.145925	0.145857	0.145481	0.138043	0.137342	0.137275	0.137464	0.136820
M17	proj_knn	0.472253	0.470391	0.473929	0.475978	0.471695	0.471695	0.469646	0.475791	0.485289	0.477840	0.479143	0.472067
M17	proj_sep	0.435424	0.435359	0.433813	0.434998	0.436727	0.436839	0.437884	0.439213	0.438760	0.438690	0.439150	0.438785
M18	dino_knn	0.411927	0.409005	0.408926	0.408136	0.407820	0.405055	0.408294	0.403949	0.408373	0.408531	0.399921	0.398341
M18	dino_sep	0.255580	0.254824	0.257533	0.255141	0.255082	0.255185	0.249095	0.253778	0.249885	0.250745	0.250691	0.251069
M18	dino_sil	0.109282	0.107448	0.108409	0.107090	0.104152	0.100490	0.092192	0.092876	0.091273	0.092887	0.088511	0.084164
M18	peg_knn	0.599921	0.595419	0.591627	0.592417	0.588152	0.582385	0.589494	0.581517	0.580411	0.582859	0.571880	0.566983
M18	peg_sep	0.157317	0.156825	0.157207	0.156847	0.155837	0.155669	0.154377	0.154782	0.154027	0.154050	0.153326	0.152975
M18	proj_knn	0.714692	0.715877	0.710348	0.712638	0.710348	0.706714	0.710664	0.706240	0.706714	0.705924	0.694945	0.691390
M18	proj_sep	0.362060	0.362349	0.363212	0.361801	0.360361	0.361409	0.360891	0.360351	0.361208	0.360166	0.358084	0.358649
M19	dino_knn	0.429217	0.427485	0.420934	0.419955	0.419880	0.419955	0.423494	0.422364	0.423042	0.422063	0.418072	0.417771
M19	dino_sep	0.329733	0.329350	0.333582	0.333113	0.334261	0.339673	0.337321	0.336663	0.331153	0.331916	0.324809	0.321266
M19	dino_sil	0.240370	0.239097	0.239949	0.233402	0.233322	0.235984	0.233594	0.226481	0.226410	0.225630	0.220701	0.218495
M19	peg_knn	0.518901	0.519202	0.511973	0.511220	0.508133	0.502937	0.505873	0.505949	0.512123	0.508810	0.500452	0.502334
M19	peg_sep	0.187450	0.187974	0.186817	0.186102	0.185153	0.187339	0.187369	0.187239	0.184693	0.185748	0.182284	0.180016
M19	proj_knn	0.590286	0.590512	0.591491	0.591642	0.589533	0.585467	0.596461	0.594277	0.595331	0.591114	0.585768	0.587274
M19	proj_sep	0.442780	0.443056	0.440561	0.441076	0.441220	0.442871	0.442402	0.443484	0.439113	0.439350	0.437747	0.435156
M20	dino_knn	0.404802	0.406054	0.404593	0.405637	0.405637	0.403967	0.402923	0.399582	0.397286	0.405219	0.398539	0.404802
M20	dino_sep	0.313167	0.315508	0.314904	0.315086	0.315086	0.315337	0.313510	0.312782	0.311280	0.311535	0.307514	0.309830
M20	dino_sil	0.177940	0.182786	0.180672	0.181056	0.181056	0.181177	0.175878	0.174815	0.174672	0.175994	0.165349	0.176597
M20	peg_knn	0.509812	0.509395	0.508142	0.509812	0.509812	0.507098	0.506889	0.503549	0.498747	0.503340	0.497495	0.499791
M20	peg_sep	0.161271	0.162158	0.162244	0.162242	0.162242	0.162367	0.161787	0.161364	0.161395	0.160181	0.159616	0.159222
M20	proj_knn	0.568476	0.567432	0.563048	0.563257	0.563257	0.559290	0.562213	0.560752	0.555950	0.562630	0.564092	0.560334
M20	proj_sep	0.418659	0.419681	0.420033	0.419872	0.419872	0.420658	0.420850	0.421053	0.421225	0.418616	0.419783	0.417512
M21	dino_knn	0.426078	0.427249	0.426024	0.425546	0.426078	0.425226	0.425865	0.424428	0.419212	0.416338	0.415540	0.416338
M21	dino_sep	0.242041	0.243471	0.244780	0.246752	0.246435	0.246025	0.246058	0.245100	0.244266	0.245609	0.241937	0.242294
M21	dino_sil	0.063925	0.065417	0.065531	0.068851	0.065846	0.064806	0.063292	0.061607	0.062602	0.060358	0.052398	0.054266
M21	peg_knn	0.625812	0.625067	0.624534	0.622725	0.623523	0.624375	0.623151	0.618946	0.612507	0.604470	0.602182	0.600373
M21	peg_sep	0.161497	0.161894	0.162147	0.161447	0.160198	0.160608	0.159929	0.159904	0.158531	0.158354	0.156304	0.155626
M21	proj_knn	0.727089	0.724481	0.724907	0.726929	0.731240	0.732145	0.733049	0.727302	0.722725	0.711974	0.716817	0.715487
M21	proj_sep	0.349632	0.350237	0.350089	0.349792	0.347937	0.349960	0.349566	0.352715	0.352012	0.352342	0.350809	0.352079
M22	dino_knn	0.317959	0.319921	0.319921	0.320314	0.318940	0.320608	0.318351	0.320020	0.318548	0.314328	0.313052	0.313739
M22	dino_sep	0.234657	0.234309	0.235231	0.235391	0.236716	0.235749	0.234558	0.232279	0.235978	0.232726	0.231509	0.230507
M22	dino_sil	0.008306	0.010580	0.024390	0.023841	0.020107	0.023020	0.018898	0.014038	0.023003	0.019227	0.022941	0.026955
M22	peg_knn	0.442787	0.443572	0.439156	0.437978	0.437488	0.437586	0.431796	0.431698	0.427478	0.422277	0.421197	0.412365
M22	peg_sep	0.151323	0.151055	0.150706	0.150185	0.150230	0.149510	0.148686	0.146247	0.147651	0.145618	0.144637	0.142387
M22	proj_knn	0.565358	0.566536	0.566830	0.566340	0.568400	0.571835	0.565653	0.563297	0.559568	0.558391	0.559961	0.555250
M22	proj_sep	0.387495	0.388424	0.389101	0.388703	0.390138	0.390876	0.390451	0.387043	0.389189	0.388081	0.388261	0.389138
M23	dino_knn	0.557534	0.558023	0.551859	0.558415	0.557339	0.557241	0.556654	0.556751	0.561350	0.560274	0.559491	0.556751
M23	dino_sep	0.200538	0.204159	0.202824	0.203008	0.203898	0.208059	0.204923	0.203764	0.204102	0.207126	0.203406	0.208859
M23	dino_sil	0.076470	0.078138	0.069309	0.070178	0.076452	0.078219	0.076019	0.076075	0.077452	0.078205	0.077231	0.074341
M23	peg_knn	0.780431	0.782877	0.769863	0.776614	0.777202	0.774951	0.775245	0.776125	0.777886	0.768102	0.774168	0.765264
M23	peg_sep	0.100047	0.100726	0.100714	0.100145	0.101359	0.102704	0.101425	0.100932	0.100299	0.102039	0.100840	0.095697
M23	proj_knn	0.883855	0.883072	0.879354	0.878963	0.887378	0.884834	0.887182	0.886986	0.888063	0.877691	0.876908	0.879061
M23	proj_sep	0.308354	0.307579	0.309808	0.308367	0.309337	0.311796	0.309807	0.309168	0.308012	0.311052	0.308842	0.301442
M24	dino_knn	0.501199	0.501199	0.500428	0.502740	0.502312	0.500086	0.501969	0.501712	0.503853	0.503938	0.502312	0.504110
M24	dino_sep	0.181807	0.182594	0.182444	0.182905	0.184332	0.181707	0.183987	0.185210	0.184469	0.184358	0.184833	0.181728
M24	dino_sil	0.067141	0.066265	0.066305	0.063369	0.063452	0.062517	0.063532	0.066782	0.064842	0.064941	0.064267	0.064902
M24	peg_knn	0.793664	0.791952	0.792551	0.795634	0.792637	0.788613	0.788613	0.791096	0.794178	0.794007	0.786901	0.784675
M24	peg_sep	0.111561	0.112340	0.112352	0.111903	0.112126	0.111027	0.110097	0.110856	0.110938	0.110942	0.110855	0.108324
M24	proj_knn	0.908647	0.909503	0.907363	0.906079	0.903853	0.903425	0.901284	0.899572	0.904195	0.904024	0.901284	0.900685
M24	proj_sep	0.309197	0.309487	0.309402	0.307111	0.308770	0.307636	0.304129	0.304331	0.304595	0.305015	0.304326	0.304035
M25	dino_knn	0.212097	0.214516	0.214516	0.214516	0.215323	0.215323	0.215323	0.224194	0.224194	0.224194	0.224194	0.210484
M25	dino_sep	0.406021	0.408987	0.408987	0.411940	0.411723	0.411723	0.411723	0.412014	0.412014	0.412014	0.412014	0.405475
M25	dino_sil	0.284073	0.298211	0.298211	0.304750	0.307085	0.307085	0.307085	0.306212	0.306212	0.306212	0.306212	0.296315
M25	peg_knn	0.243548	0.244355	0.244355	0.241935	0.243548	0.243548	0.243548	0.255645	0.255645	0.255645	0.255645	0.237903
M25	peg_sep	0.177415	0.177414	0.177414	0.177774	0.177859	0.177859	0.177859	0.178080	0.178080	0.178080	0.178080	0.172519
M25	proj_knn	0.262903	0.262903	0.262903	0.259677	0.258065	0.258065	0.258065	0.267742	0.267742	0.267742	0.267742	0.254839
M25	proj_sep	0.401198	0.401262	0.401262	0.401716	0.400945	0.400945	0.400945	0.398327	0.398327	0.398327	0.398327	0.397944
M26	dino_knn	0.445946	0.445946	0.447748	0.447748	0.447748	0.447748	0.447748	0.445045	0.445045	0.443243	0.444144	0.444144
M26	dino_sep	0.350507	0.350507	0.342970	0.342970	0.342970	0.342970	0.342970	0.343815	0.343815	0.340910	0.341068	0.341068
M26	dino_sil	0.259347	0.259347	0.268191	0.268191	0.268191	0.268191	0.268191	0.264535	0.264535	0.258254	0.252543	0.252543
M26	peg_knn	0.488288	0.488288	0.490090	0.490090	0.490090	0.490090	0.490090	0.488288	0.488288	0.481982	0.482883	0.482883
M26	peg_sep	0.166377	0.166377	0.164346	0.164346	0.164346	0.164346	0.164346	0.164689	0.164689	0.163077	0.163412	0.163412
M26	proj_knn	0.509910	0.509910	0.514414	0.514414	0.514414	0.514414	0.514414	0.512613	0.512613	0.502703	0.510811	0.510811
M26	proj_sep	0.337973	0.337973	0.334810	0.334810	0.334810	0.334810	0.334810	0.336329	0.336329	0.333134	0.334915	0.334915
